ts_code,trade_date,jump_pct,factor_ratio,type
000065.SZ,2005-11-11,0.2947,1.0136984685247694,Mismatch (Ratio 1.0137)
000065.SZ,2007-06-06,0.4178,1.4234689279927215,Mismatch (Ratio 1.4235)
000518.SZ,2000-02-28,0.0938,1.04095530131502,Mismatch (Ratio 1.0410)
000937.SZ,2023-06-30,0.1359,0.1312503896495943,Mismatch (Ratio 0.1313)
000963.SZ,2006-11-01,0.3,1.0167522977502672,Mismatch (Ratio 1.0168)
000981.SZ,2022-02-25,0.4,1.0797268567233704,Mismatch (Ratio 1.0797)
000983.SZ,2024-07-12,0.0801,0.12095433453767564,Mismatch (Ratio 0.1210)
001299.SZ,2026-04-29,0.2524,1.0,Major Missing
001872.SZ,2004-06-22,0.2464,0,No Factor Records
001872.SZ,2005-07-06,0.249,0,No Factor Records
001872.SZ,2006-06-19,0.0505,0,No Factor Records
001872.SZ,2018-05-23,0.0547,0,No Factor Records
001914.SZ,2011-06-16,0.3415,0,No Factor Records
001914.SZ,2012-05-17,0.5085,0,No Factor Records
002048.SZ,2005-11-11,0.258,0,No Factor Records
002048.SZ,2006-04-21,0.2347,1.760849,Mismatch (Ratio 1.7608)
002111.SZ,2021-07-08,0.3009,0.413510958464514,Mismatch (Ratio 0.4135)
002166.SZ,2019-04-17,0.142,1.0054884393345709,Mismatch (Ratio 1.0055)
002233.SZ,2026-04-30,0.0503,1.0,Major Missing
002393.SZ,2026-04-28,0.1894,1.0,Major Missing
002401.SZ,2021-07-08,0.1739,0.20617749031217178,Mismatch (Ratio 0.2062)
002443.SZ,2021-07-08,0.0547,0.2875569520432603,Mismatch (Ratio 0.2876)
002466.SZ,2019-12-26,0.1586,1.0070838043056416,Mismatch (Ratio 1.0071)
003038.SZ,2022-03-29,0.1706,0,No Factor Records
003038.SZ,2022-03-30,0.2057,1.205712,Mismatch (Ratio 1.2057)
300159.SZ,2024-12-02,0.1771,1.0,Major Missing
300458.SZ,2026-04-30,0.1706,1.0,Major Missing
300501.SZ,2026-04-28,0.3239,1.0,Major Missing
300715.SZ,2019-12-30,0.1047,1.0,Major Missing
300996.SZ,2026-04-30,0.2895,1.0,Major Missing
301016.SZ,2026-04-30,0.2907,1.0,Major Missing
301117.SZ,2022-01-19,0.2936,0,No Factor Records
301122.SZ,2022-01-27,0.2665,0,No Factor Records
301127.SZ,2021-12-31,0.3044,0,No Factor Records
301158.SZ,2022-01-19,0.0583,0,No Factor Records
301171.SZ,2026-04-28,0.231,1.0,Major Missing
301172.SZ,2023-07-28,0.2979,0,No Factor Records
301210.SZ,2023-07-03,0.2957,0,No Factor Records
301216.SZ,2022-03-30,0.3613,0,No Factor Records
301263.SZ,2022-03-30,0.4779,0,No Factor Records
301280.SZ,2026-04-30,0.2881,1.0,Major Missing
301362.SZ,2023-08-07,0.1041,0,No Factor Records
301489.SZ,2023-10-25,0.2908,0,No Factor Records
301511.SZ,2023-08-18,0.2875,0,No Factor Records
301548.SZ,2023-09-21,0.3286,0,No Factor Records
301550.SZ,2023-09-18,0.5325,0,No Factor Records
600016.SH,2024-07-12,0.0566,0.040572449675657755,Mismatch (Ratio 0.0406)
600094.SH,2011-10-11,0.3341,0.7495710869738519,Mismatch (Ratio 0.7496)
600097.SH,2000-05-10,0.052,0.950588,Mismatch (Ratio 0.9506)
600132.SH,2020-01-02,0.1572,1.0172117268992538,Mismatch (Ratio 1.0172)
600133.SH,2020-01-02,0.106,1.0032153648005109,Mismatch (Ratio 1.0032)
600137.SH,2020-01-02,0.0555,1.0078333768889662,Mismatch (Ratio 1.0078)
600141.SH,2020-01-02,0.1427,1.0198411243456567,Mismatch (Ratio 1.0198)
600143.SH,2020-01-02,0.1051,1.0,Major Missing
600153.SH,2020-01-02,0.3194,1.0556792476774872,Mismatch (Ratio 1.0557)
600159.SH,2020-01-02,0.0553,1.017921194078132,Mismatch (Ratio 1.0179)
600295.SH,2023-06-30,0.3379,0.23786168057840348,Mismatch (Ratio 0.2379)
600372.SH,2007-04-25,0.1,1.0,Major Missing
600373.SH,2024-01-02,0.0843,1.0451264987262399,Mismatch (Ratio 1.0451)
600375.SH,2024-01-02,0.0603,1.02764978134855,Mismatch (Ratio 1.0276)
600377.SH,2024-01-02,0.0669,2.569692,Mismatch (Ratio 2.5697)
600381.SH,2014-06-27,7.0529,0.12417916424501464,Mismatch (Ratio 0.1242)
600425.SH,2024-01-02,0.0528,1.0212314734804273,Mismatch (Ratio 1.0212)
600426.SH,2024-01-02,0.0567,1.0266400282821881,Mismatch (Ratio 1.0266)
600428.SH,2024-01-02,0.0805,1.0239879448964004,Mismatch (Ratio 1.0240)
600452.SH,2024-01-02,0.3032,1.210288416177635,Mismatch (Ratio 1.2103)
600461.SH,2024-01-02,0.0827,1.0544304056212073,Mismatch (Ratio 1.0544)
600469.SH,2024-01-02,0.0547,1.007849059300384,Mismatch (Ratio 1.0078)
600475.SH,2024-01-02,0.0755,1.0330187060797618,Mismatch (Ratio 1.0330)
600477.SH,2024-01-02,0.0516,1.0072992052315195,Mismatch (Ratio 1.0073)
600479.SH,2024-01-02,0.0648,11.701405,Mismatch (Ratio 11.7014)
600480.SH,2024-01-02,0.2791,1.0138365803961606,Mismatch (Ratio 1.0138)
600483.SH,2024-01-02,0.063,1.346330035633727,Mismatch (Ratio 1.3463)
600497.SH,2024-01-02,0.0539,17.918983,Mismatch (Ratio 17.9190)
600502.SH,2024-01-02,0.1088,1.0460405289189398,Mismatch (Ratio 1.0460)
600508.SH,2024-01-02,0.0722,1.0512998549048027,Mismatch (Ratio 1.0513)
600511.SH,2024-01-02,0.0517,1.0207998560870941,Mismatch (Ratio 1.0208)
600529.SH,2024-01-02,0.0529,1.0110537997010611,Mismatch (Ratio 1.0111)
600531.SH,2024-01-02,0.0514,1.0199005136781507,Mismatch (Ratio 1.0199)
600535.SH,2024-01-02,0.0691,1.0222522175530895,Mismatch (Ratio 1.0223)
600548.SH,2024-01-02,0.072,1.0500000242713852,Mismatch (Ratio 1.0500)
600551.SH,2024-01-02,0.3545,1.0209730123807168,Mismatch (Ratio 1.0210)
600559.SH,2024-01-02,0.0545,1.0110781912286213,Mismatch (Ratio 1.0111)
600566.SH,2024-01-02,0.1049,1.031250092822352,Mismatch (Ratio 1.0313)
600572.SH,2024-01-02,0.0707,1.022058852006825,Mismatch (Ratio 1.0221)
600578.SH,2024-01-02,0.0545,1.0348835596422847,Mismatch (Ratio 1.0349)
600580.SH,2024-01-02,0.1784,1.0111940606446737,Mismatch (Ratio 1.0112)
600582.SH,2024-01-02,0.0876,1.0378788276502113,Mismatch (Ratio 1.0379)
600583.SH,2024-01-02,0.0608,1.016556258330246,Mismatch (Ratio 1.0166)
600585.SH,2024-01-02,0.0791,1.0596773485036202,Mismatch (Ratio 1.0597)
600587.SH,2024-01-02,0.2708,1.00432264302606,Mismatch (Ratio 1.0043)
600598.SH,2024-01-02,0.0685,1.031460664994174,Mismatch (Ratio 1.0315)
600600.SH,2024-01-02,0.0585,1.017525222757688,Mismatch (Ratio 1.0175)
600612.SH,2024-01-02,0.0716,1.0231226066930548,Mismatch (Ratio 1.0231)
600615.SH,2024-01-02,0.1674,1.0,Major Missing
600617.SH,2024-01-02,0.3125,1.0042734005496738,Mismatch (Ratio 1.0043)
600633.SH,2000-02-21,0.0506,1.0,Major Missing
600633.SH,2000-02-28,0.05,1.0,Major Missing
600633.SH,2000-03-06,0.0509,1.0,Major Missing
600633.SH,2000-03-13,0.0501,1.0,Major Missing
600633.SH,2000-03-27,0.0502,1.0,Major Missing
600633.SH,2000-04-03,0.0507,1.0,Major Missing
600633.SH,2000-04-24,0.05,1.0,Major Missing
600633.SH,2000-05-08,0.05,1.0,Major Missing
600633.SH,2000-05-15,0.0501,1.0,Major Missing
600633.SH,2000-05-22,0.0501,1.0,Major Missing
600633.SH,2000-05-29,0.05,1.0,Major Missing
600633.SH,2000-06-19,0.0508,1.0,Major Missing
600633.SH,2000-06-26,0.1692,1.0,Major Missing
600633.SH,2000-07-10,0.0504,1.0,Major Missing
600633.SH,2000-07-31,0.05,1.0,Major Missing
600633.SH,2000-10-16,0.0502,1.0,Major Missing
600633.SH,2000-11-20,0.05,1.0,Major Missing
600633.SH,2000-11-27,0.0503,1.0,Major Missing
600633.SH,2001-02-12,0.08,1.0,Major Missing
600633.SH,2001-02-19,0.1449,1.0,Major Missing
600633.SH,2001-02-26,0.2051,1.0,Major Missing
600633.SH,2001-03-12,0.0508,1.0,Major Missing
600633.SH,2001-03-19,0.0503,1.0,Major Missing
600633.SH,2001-03-26,0.0773,1.0,Major Missing
600633.SH,2001-07-02,0.0508,1.0,Major Missing
600637.SH,2024-01-02,0.0589,1.0164765183525346,Mismatch (Ratio 1.0165)
600639.SH,2024-01-02,0.0834,1.0414593329138238,Mismatch (Ratio 1.0415)
600642.SH,2024-01-02,0.0924,1.024961059798605,Mismatch (Ratio 1.0250)
600648.SH,2024-01-02,0.076,1.029438001953616,Mismatch (Ratio 1.0294)
600655.SH,2007-06-18,0.2318,1.4323618411777488,Mismatch (Ratio 1.4324)
600660.SH,2024-01-02,0.0681,1.0375039140348468,Mismatch (Ratio 1.0375)
600662.SH,2024-01-02,0.0707,49.48452,Mismatch (Ratio 49.4845)
600668.SH,2024-01-02,0.1825,1.0131463441028656,Mismatch (Ratio 1.0131)
600681.SH,2007-04-23,0.0507,0.9517884588923341,Mismatch (Ratio 0.9518)
600681.SH,2024-01-02,0.1192,1.0354610156835333,Mismatch (Ratio 1.0355)
600690.SH,2024-01-02,0.075,1.0249556669642947,Mismatch (Ratio 1.0250)
600694.SH,2024-01-02,0.2454,1.0253030533746161,Mismatch (Ratio 1.0253)
600704.SH,2024-01-02,0.0822,1.0311204260336955,Mismatch (Ratio 1.0311)
600727.SH,2007-04-30,0.0516,1.0,Major Missing
600818.SH,2001-06-04,0.0502,1.0,Major Missing
600818.SH,2001-06-11,0.0504,1.0,Major Missing
600818.SH,2001-06-18,0.0504,1.0,Major Missing
600818.SH,2001-06-25,0.0503,1.0,Major Missing
600833.SH,2000-07-10,0.05,1.0,Major Missing
600833.SH,2000-07-17,0.0508,1.0,Major Missing
600833.SH,2000-07-24,0.0514,1.0,Major Missing
600833.SH,2000-09-25,0.0508,1.0,Major Missing
600833.SH,2000-10-09,0.0502,1.0,Major Missing
600833.SH,2000-10-23,0.0506,1.0,Major Missing
600833.SH,2001-01-02,0.0507,1.0,Major Missing
600833.SH,2001-03-05,0.05,1.0,Major Missing
600833.SH,2001-03-12,0.05,1.0,Major Missing
600833.SH,2001-04-09,0.051,1.0,Major Missing
601001.SH,2025-07-31,0.052,0.42684389904212455,Mismatch (Ratio 0.4268)
601006.SH,2021-07-08,0.0724,0.5648355056855603,Mismatch (Ratio 0.5648)
601006.SH,2022-07-07,0.0724,2.0575706670104976,Mismatch (Ratio 2.0576)
601208.SH,2021-07-08,0.2329,0.5758504564243505,Mismatch (Ratio 0.5759)
601568.SH,2023-11-03,0.0565,0.8042522424563151,Mismatch (Ratio 0.8043)
601607.SH,2010-03-05,0.6945,1.0,Major Missing
601717.SH,2025-07-25,0.0629,0.3864859265526574,Mismatch (Ratio 0.3865)
601838.SH,2023-07-26,0.0567,0.8314024012564153,Mismatch (Ratio 0.8314)
601939.SH,2024-07-12,0.052,0.45253271245845184,Mismatch (Ratio 0.4525)
603027.SH,2025-10-23,0.2376,7.963667117531806,Mismatch (Ratio 7.9637)
603031.SH,2026-04-29,0.3117,1.0,Major Missing
603037.SH,2023-06-30,0.2552,0.6364177318708454,Mismatch (Ratio 0.6364)
603229.SH,2024-07-12,0.2943,0.2983266856203554,Mismatch (Ratio 0.2983)
603355.SH,2021-07-08,0.3106,1.2918284888354947,Mismatch (Ratio 1.2918)
603458.SH,2021-07-08,0.2611,0.6678588982122449,Mismatch (Ratio 0.6679)
603888.SH,2025-07-25,0.2352,0.4811802879068735,Mismatch (Ratio 0.4812)
688049.SH,2025-08-07,0.169,0.9908356820500406,Mismatch (Ratio 0.9908)
688232.SH,2021-11-18,0.0542,0,No Factor Records
688236.SH,2021-12-31,0.0539,0,No Factor Records
688259.SH,2022-01-13,0.2988,0,No Factor Records
688535.SH,2026-04-30,0.3242,1.0,Major Missing
688615.SH,2026-04-27,0.2923,1.0,Major Missing
